{
  "auc": 0.6089324444444445,
  "at_fixed": {
    "tp": 385,
    "tn": 502,
    "fp": 248,
    "fn": 365,
    "accuracy": 0.5913333333333334,
    "balanced_accuracy": 0.5913333333333333,
    "precision": 0.608214849921011,
    "recall": 0.5133333333333333,
    "specificity": 0.6693333333333333,
    "f1": 0.5567606652205351,
    "threshold": 0.5
  },
  "at_best": {
    "tp": 350,
    "tn": 550,
    "fp": 200,
    "fn": 400,
    "accuracy": 0.6,
    "balanced_accuracy": 0.6,
    "precision": 0.6363636363636364,
    "recall": 0.4666666666666667,
    "specificity": 0.7333333333333333,
    "f1": 0.5384615384615385,
    "threshold": 0.6
  }
}